Workbook

Sheet Hoja1
B1: PIB | C1: SP primario | D1: SP fiscal | E1: Primario PIB | F1: Financiero PIB | G1: Financiamiento del BCRA | H1: transf bcra / pib | I1: tc
A2: 44927 | B2: =+M6 -> 1.2071956e+08 | C2: -203938 | D2: -537969 | E2: =+C2/$M$6 -> -0.0016893535 | F2: =+D2/$M$6 -> -0.0044563533 | G2: =+SUMIF(Hoja2!D$2:D$244,1,Hoja2!B$2:B$244)+SUMIF(Hoja2!D$2:D$244,1,Hoja2!C$2:C$244) -> 0 | H2: =+G2/M$6 -> 0 | I2: 186 | L2: 1--22 | M2: 60345325
A3: 44958 | B3: =+B2 -> 1.2071956e+08 | C3: -228134 | D3: -485590 | E3: =+C3/$M$6 -> -0.0018897849 | F3: =+D3/$M$6 -> -0.0040224634 | G3: =+SUMIF(Hoja2!D$2:D$244,2,Hoja2!B$2:B$244)+SUMIF(Hoja2!D$2:D$244,2,Hoja2!C$2:C$244) -> 0 | H3: =+G3/M$6 -> 0 | I3: 197 | L3: 2--22 | M3: 78676963
A4: 44986 | B4: =+B3 -> 1.2071956e+08 | C4: -257855 | D4: -388005 | E4: =+C4/$M$6 -> -0.0021359837 | F4: =+D4/$M$6 -> -0.0032141023 | G4: =+SUMIF(Hoja2!D$2:D$244,3,Hoja2!B$2:B$244)+SUMIF(Hoja2!D$2:D$244,3,Hoja2!C$2:C$244) -> 130000 | H4: =+G4/M$6 -> 0.0010768761 | I4: 208 | L4: 3--22 | M4: 87863364
A5: 45017 | B5: =+M7 -> 1.5921586e+08 | C5: -331372 | D5: -407388 | E5: =+C5/$M$7 -> -0.0020812751 | F5: =+D5/$M$7 -> -0.002558715 | G5: =+SUMIF(Hoja2!D$2:D$244,4,Hoja2!B$2:B$244)+SUMIF(Hoja2!D$2:D$244,4,Hoja2!C$2:C$244) -> 100000 | H5: =+G5/M$7 -> 0.00062807815 | I5: 222 | L5: 4--22 | M5: 1.0435453e+08 | O5: =+M5 -> 1.0435453e+08
A6: 45047 | B6: =+B5 -> 1.5921586e+08 | C6: -247650 | D6: -631071 | E6: =+C6/$M$7 -> -0.0015554355 | F6: =+D6/$M$7 -> -0.0039636191 | G6: =+SUMIF(Hoja2!D$2:D$244,5,Hoja2!B$2:B$244)+SUMIF(Hoja2!D$2:D$244,5,Hoja2!C$2:C$244) -> 440000 | H6: =+G6/M$7 -> 0.0027635439 | I6: 239 | L6: 1--23 | M6: 1.2071956e+08 | N6: 1 | O6: =+O5*(1+Q$8) -> 1.095469e+08 | S6: tot--22 | T6: 82810045
A7: 45078 | B7: =+B6 -> 1.5921586e+08 | C7: -611743 | D7: -708603 | E7: =+C7/$M$7 -> -0.0038422241 | F7: =+D7/$M$7 -> -0.0044505806 | G7: =+SUMIF(Hoja2!D$2:D$244,6,Hoja2!B$2:B$244)+SUMIF(Hoja2!D$2:D$244,6,Hoja2!C$2:C$244) -> 688000 | H7: =+G7/M$7 -> 0.0043211777 | I7: 256 | L7: 2--23 | M7: 1.5921586e+08 | N7: 2 | O7: =+O6*(1+Q$8) -> 1.1499762e+08 | S7: tot--23 | T7: 1.9240825e+08
A8: 45108 | B8: =+M8 -> 2.065164e+08 | C8: -334366 | D8: -754243 | E8: =+C8/$M$8 -> -0.0016190772 | F8: =+D8/$M$8 -> -0.0036522184 | G8: =+SUMIF(Hoja2!D$2:D$244,7,Hoja2!B$2:B$244)+SUMIF(Hoja2!D$2:D$244,7,Hoja2!C$2:C$244) -> 590000 | H8: =+G8/M$8 -> 0.002856916 | I8: 275 | L8: 3--23 | M8: 2.065164e+08 | N8: 3 | O8: =+M6 -> 1.2071956e+08 | P8: =+O8/O5-1 -> 0.15682144 | Q8: =+(POWER((1+P8),1/3)-1) -> 0.049756993 | R8: =+SUM(M6:M9) -> 7.6963299e+08 | T8: =+T7/12 -> 16034021
A9: 45139 | B9: =+B8 -> 2.065164e+08 | C9: -36964 | D9: -384504 | E9: =+C9/$M$8 -> -0.00017898821 | F9: =+D9/$M$8 -> -0.001861857 | G9: =+SUMIF(Hoja2!D$2:D$244,8,Hoja2!B$2:B$244)+SUMIF(Hoja2!D$2:D$244,8,Hoja2!C$2:C$244) -> -250000 | H9: =+G9/M$8 -> -0.0012105576 | I9: 350 | L9: 4--23 | M9: 2.8318118e+08 | N9: 4 | O9: =+O8*(1+Q$11) -> 1.3238756e+08 | R9: =+R8/12 -> 64136083
A10: 45170 | B10: =+B9 -> 2.065164e+08 | C10: =+'[1]Septiembre - AIF'!$J$70 -> -380473.4 | D10: =+'[1]Septiembre - AIF'!$J$71 -> -511532.7 | E10: =+C10/$M$8 -> -0.0018423399 | F10: =+D10/$M$8 -> -0.0024769592 | G10: =+SUMIF(Hoja2!D$2:D$244,9,Hoja2!B$2:B$244)+SUMIF(Hoja2!D$2:D$244,9,Hoja2!C$2:C$244) -> 0 | H10: =+G10/M$8 -> 0 | I10: 350 | L10: 1--24 | M10: 4.2347203e+08 | N10: 5 | O10: =+O9*(1+Q$11) -> 1.4518333e+08
A11: 45200 | B11: =+M9 -> 2.8318118e+08 | C11: -330338 | D11: -454248 | E11: =+C11/$M$9 -> -0.0011665253 | F11: =+D11/$M$9 -> -0.0016040896 | G11: =+SUMIF(Hoja2!D$2:D$244,10,Hoja2!B$2:B$244)+SUMIF(Hoja2!D$2:D$244,10,Hoja2!C$2:C$244) -> 0 | H11: =+G11/M$9 -> 0 | I11: 350 | L11: 2--24 | M11: 5.5993839e+08 | N11: 6 | O11: =+M7 -> 1.5921586e+08 | P11: =+O11/O8-1 -> 0.31889032 | Q11: =+(POWER((1+P11),1/3)-1) -> 0.096653833
A12: 45231 | B12: =+B11 -> 2.8318118e+08 | C12: -210484 | D12: -754956 | E12: =+C12/$M$9 -> -0.00074328386 | F12: =+D12/$M$9 -> -0.0026659823 | G12: =+SUMIF(Hoja2!D$2:D$244,11,Hoja2!B$2:B$244)+SUMIF(Hoja2!D$2:D$244,11,Hoja2!C$2:C$244) -> 0 | H12: =+G12/M$9 -> 0 | I12: 360 | L12: 3--24 | M12: 6.428621e+08 | N12: 7 | O12: =+O11*(1+Q$14) -> 1.7363705e+08
A13: 45261 | B13: =+B12 -> 2.8318118e+08 | C13: =+'[2]Diciembre AI'!$J$70 -> -1991316.1 | D13: =+'[2]Diciembre AI'!$J$71 -> -2400352.9 | E13: =+C13/$M$9 -> -0.0070319507 | F13: =+D13/$M$9 -> -0.0084763857 | G13: =+SUMIF(Hoja2!D$2:D$244,12,Hoja2!B$2:B$244)+SUMIF(Hoja2!D$2:D$244,12,Hoja2!C$2:C$244) -> 0 | H13: =+G13/M$9 -> 0 | I13: 808 | L13: 4--24 | M13: 7.0936594e+08 | N13: 8 | O13: =+O12*(1+Q$14) -> 1.8936446e+08
A14: pib 2023 | B14: =+SUM(M6:M9)/4 -> 1.9240825e+08 | C14: =+SUM(C2:C13) -> -5164633.5 | D14: =+SUM(D2:D13) -> -8418462.6 | E14: =SUM(E2:E13) -> -0.025776222 | F14: =+SUM(F2:F13) -> -0.043403326 | G14: =+SUM(G2:G13) -> 1698000 | H14: =SUM(H2:H13) -> 0.010436034 | L14: tot--24 | M14: 5.8390962e+08 | N14: 9 | O14: =+M8 -> 2.065164e+08 | P14: =+O14/O11-1 -> 0.29708438 | Q14: =+(POWER((1+P14),1/3)-1) -> 0.090576354
D15: Datos Oficiales | E15: -0.029 | F15: -0.061 | N15: 10 | O15: =+O14*(1+Q$17) -> 2.2943403e+08
N16: 11 | O16: =+O15*(1+Q$17) -> 2.5489488e+08
N17: 12 | O17: =+M9 -> 2.8318118e+08 | P17: =+O17/O14-1 -> 0.37122853 | Q17: =+(POWER((1+P17),1/3)-1) -> 0.11097243

Sheet Hoja2
A1: fecha | B1: adelantos | C1: transf de utilidades
A2: 44928 | B2: 0 | C2: 0 | D2: =+MONTH(A2) -> 1 | E2: =+SUMIF(D2:D245,"3",B2:C245) -> 130000
A3: 44929 | B3: 0 | C3: 0 | D3: =+MONTH(A3) -> 1
A4: 44930 | B4: 0 | C4: 0 | D4: =+MONTH(A4) -> 1
A5: 44931 | B5: 0 | C5: 0 | D5: =+MONTH(A5) -> 1
A6: 44932 | B6: 0 | C6: 0 | D6: =+MONTH(A6) -> 1
A7: 44935 | B7: 0 | C7: 0 | D7: =+MONTH(A7) -> 1
A8: 44936 | B8: 0 | C8: 0 | D8: =+MONTH(A8) -> 1
A9: 44937 | B9: 0 | C9: 0 | D9: =+MONTH(A9) -> 1
A10: 44938 | B10: 0 | C10: 0 | D10: =+MONTH(A10) -> 1
A11: 44939 | B11: 0 | C11: 0 | D11: =+MONTH(A11) -> 1
A12: 44942 | B12: 0 | C12: 0 | D12: =+MONTH(A12) -> 1
A13: 44943 | B13: 0 | C13: 0 | D13: =+MONTH(A13) -> 1
A14: 44944 | B14: 0 | C14: 0 | D14: =+MONTH(A14) -> 1
... A244: 45289 | B244: 0 | C244: 0 | D244: =+MONTH(A244) -> 12
B245: =SUM(B2:B244) -> 1298000 | C245: =SUM(C2:C244) -> 400000 | D245: =+C245+B245 -> 1698000

Sheet Hoja5

Sheet Hoja4
A1: fecha | B1: PIB | C1: SP primario | D1: SP fiscal | E1: Primario PIB | F1: Financiero PIB | G1: Financiamiento del BCRA | H1: transf bcra / pib | I1: tc
A2: 44927 | B2: 1.2071956e+08 | C2: -203938 | D2: -537969 | E2: -0.0016893535 | F2: -0.0044563533 | G2: 0 | H2: 0 | I2: 186
A3: 44958 | B3: 1.2071956e+08 | C3: -228134 | D3: -485590 | E3: -0.0018897849 | F3: -0.0040224634 | G3: 0 | H3: 0 | I3: 197
A4: 44986 | B4: 1.2071956e+08 | C4: -257855 | D4: -388005 | E4: -0.0021359837 | F4: -0.0032141023 | G4: 130000 | H4: 0.0010768761 | I4: 208
A5: 45017 | B5: 1.5921586e+08 | C5: -331372 | D5: -407388 | E5: -0.0020812751 | F5: -0.002558715 | G5: 100000 | H5: 0.00062807815 | I5: 222
A6: 45047 | B6: 1.5921586e+08 | C6: -247650 | D6: -631071 | E6: -0.0015554355 | F6: -0.0039636191 | G6: 440000 | H6: 0.0027635439 | I6: 239
A7: 45078 | B7: 1.5921586e+08 | C7: -611743 | D7: -708603 | E7: -0.0038422241 | F7: -0.0044505806 | G7: 688000 | H7: 0.0043211777 | I7: 256
A8: 45108 | B8: 2.065164e+08 | C8: -334366 | D8: -754243 | E8: -0.0016190772 | F8: -0.0036522184 | G8: 590000 | H8: 0.002856916 | I8: 275
A9: 45139 | B9: 2.065164e+08 | C9: -36964 | D9: -384504 | E9: -0.00017898821 | F9: -0.001861857 | G9: -250000 | H9: -0.0012105576 | I9: 350
A10: 45170 | B10: 2.065164e+08 | C10: -380473.4 | D10: -511532.7 | E10: -0.0018423399 | F10: -0.0024769592 | G10: 0 | H10: 0 | I10: 350
A11: 45200 | B11: 2.8318118e+08 | C11: -330338 | D11: -454248 | E11: -0.0011665253 | F11: -0.0016040896 | G11: 0 | H11: 0 | I11: 350
A12: 45231 | B12: 2.8318118e+08 | C12: -210484 | D12: -754956 | E12: -0.00074328386 | F12: -0.0026659823 | G12: 0 | H12: 0 | I12: 360
A13: 45261 | B13: 2.8318118e+08 | C13: -1991316.1 | D13: -2400352.9 | E13: -0.0070319507 | F13: -0.0084763857 | G13: 0 | H13: 0 | I13: 808

Sheet Hoja3
A1: fecha | B1: var base mone | C1: Compra neta devisas priv | D1: Compra neta devisas tesoro | E1: adelantos transitorios | F1: transf utilidades | G1: resto tesoro | H1: pases | I1: LELIQ y NOTALIQ | J1: Redescuentos y Adelantos | K1: intereses y remuneracion | L1: LEBAC y NOBAC | M1: Rescate de Cuasimonedas | N1: Operaciones con LEFI | O1: Otros | P1: base monetaria saldo
A2: 37623 | B2: 151.191 | C2: 98.77131 | D2: 0 | E2: 0 | F2: 0 | G2: -6.2491211 | H2: 30.01 | I2: 0 | J2: -27.519 | K2: -49.681716 | L2: 83.67096 | M2: 0 | N2: 0 | O2: 22.188567 | P2: 37116.23
A3: 37624 | B3: 57.64 | C3: 206.65925 | D3: 0 | E3: 0 | F3: 0 | G3: -1.64 | H3: -0.15 | I3: 0 | J3: 0 | K3: -0.06766472 | L3: -148.30438 | M3: 0 | N3: 0 | O3: 1.1427921 | P3: 37173.87
A4: 37627 | B4: 163.74 | C4: 172.2391 | D4: 0 | E4: 0 | F4: 0 | G4: -7.89 | H4: 0.03 | I4: 0 | J4: 0 | K4: 0.79864359 | L4: 0 | M4: 0 | N4: 0 | O4: -1.4377476 | P4: 37337.61
A5: 37628 | B5: 343.35 | C5: 339.49142 | D5: 0 | E5: 0 | F5: 0 | G5: -5.0800337 | H5: -0.02 | I5: 0 | J5: 0 | K5: 11.131954 | L5: 0 | M5: 0 | N5: 0 | O5: -2.1733403 | P5: 37680.96
A6: 37629 | B6: 90.71 | C6: 150.56126 | D6: 0 | E6: 0 | F6: 0 | G6: -8.61 | H6: 0.76 | I6: 0 | J6: 0 | K6: 0.23614926 | L6: -53.37617 | M6: 0 | N6: 0 | O6: 1.1387565 | P6: 37771.67
A7: 37630 | B7: 30.57 | C7: 25.82104 | D7: -476.43246 | E7: 0 | F7: 476.43246 | G7: -1.1060103 | H7: 0.42 | I7: 0 | J7: -0.1 | K7: 0.23120796 | L7: 0 | M7: 0 | N7: 0 | O7: 5.3037623 | P7: 37802.24
A8: 37631 | B8: -308.68 | C8: -25.321252 | D8: 0 | E8: 0 | F8: 0 | G8: -6.8704713 | H8: 0.36 | I8: 0 | J8: 0 | K8: -0.06888762 | L8: -254.32089 | M8: 0 | N8: 0 | O8: -22.458504 | P8: 37493.56
A9: 37634 | B9: 98.2 | C9: 85.945079 | D9: 0 | E9: 0 | F9: 0 | G9: -6.9542988 | H9: 0.24 | I9: 0 | J9: -0.006 | K9: 0.79382709 | L9: 0 | M9: 0 | N9: 0 | O9: 18.181393 | P9: 37591.76
A10: 37635 | B10: 111.23 | C10: 121.92525 | D10: -53.089752 | E10: 53.089752 | F10: 0 | G10: -10.26647 | H10: -0.12 | I10: 0 | J10: 0 | K10: 0.232 | L10: 0 | M10: 0 | N10: 0 | O10: -0.54078045 | P10: 37702.99
A11: 37636 | B11: -7.69 | C11: 112.92047 | D11: 0 | E11: 0 | F11: 0.25845888 | G11: -3.4975087 | H11: -0.37 | I11: 0 | J11: -0.382 | K11: 4.1 | L11: -120.60739 | M11: 0 | N11: 0 | O11: -0.11202969 | P11: 37695.3
A12: 37637 | B12: 35.35 | C12: 51.543175 | D12: 0 | E12: 0 | F12: 0 | G12: -16.22 | H12: -0.16 | I12: 0 | J12: -0.599 | K12: 0.333 | L12: 0 | M12: 0 | N12: 0 | O12: 0.45282499 | P12: 37730.65
A13: 37638 | B13: -575.58 | C13: 48.397496 | D13: 0 | E13: 0 | F13: 0 | G13: -497.16747 | H13: 0.07 | I13: 0 | J13: 0 | K13: 0.8 | L13: -128.92564 | M13: 0 | N13: 0 | O13: 1.2456213 | P13: 37155.07
... A5698: 46108 | B5698: -759102 | C5698: 66078 | D5698: 0 | E5698: 0 | F5698: 0 | G5698: -809.94685 | H5698: 0 | I5698: 0 | J5698: 0 | K5698: 0 | L5698: 0 | M5698: 0 | N5698: 0 | O5698: -824370.05 | P5698: 39674505

Sheet Hoja6
